,create,update_nodes,update_edges,delete,read_1,read_in_mem_1,read_2,read_in_mem_2,read_3,read_in_mem_3,name
0,0.4738095481761632,0.10774727414829832,0.5040137172517711,0.08906238209696006,0.06156904427648856,0.16576113018623456,5.1155455301145665,0.2587270996786895,10.087069584694705,0.6387045821451425,PPI
1,5.756810224943729,0.582809919223357,1.1351611284873397,0.6382700675232889,0.06768342277572215,0.4819524375065001,0.08139862709911036,0.9566712490372906,0.22820867212926563,0.9687943149742692,1015074_nodes_SBC_edges
2,0.0849264332988405,0.3602530867726765,0.3882024506034902,0.016249907264551583,0.040184063568465225,0.006092373209212737,0.12641027823793397,0.061350368594265965,0.18722206040359246,0.06248090731336047,1000_nodes_5_edges
3,0.015213338922174477,0.19484077344182935,0.44231408815222606,0.0009641362175653254,0.050122619215732675,0.003927491753948569,0.27774296562820905,0.07050573826180842,1.777448119455975,0.1368775290570402,1000_nodes_10_edges
4,0.007495200364155329,0.2494378052196648,0.2818205224263193,0.0038624169571696287,0.12486814594609161,0.007495172033704827,1.7342667177902196,0.09105190517283805,6.759370715341461,0.2138081230256783,1000_nodes_20_edges
5,0.10146500168609132,0.2514220342481965,0.352574503759399,0.010257903931843724,0.017703538791982228,0.002922507873493209,0.014354062495697723,0.0019339691317146969,0.0894488287548763,0.0035936865584801823,1000_nodes_scale_free
6,0.025475011441142798,0.20482607743156453,0.5846569783194691,0.005622888354169395,0.05879191199893395,0.04056849207839605,0.09376132150323144,0.22005371030477722,0.1162111964360595,0.2568510224902534,10000_nodes_5_edges
7,0.38151554856086467,0.35486676846868265,0.40846576781829086,0.18201008876328084,1.2621078894108588,0.06528608978133858,0.24522825872646326,0.18665980484899214,2.17837125809265,0.2908973172128717,10000_nodes_10_edges
8,0.5139818421989311,0.15964143142996065,0.5897282882848079,0.2363502215355771,1.1781487364966647,0.1493889702621987,0.4332434037161724,0.4128298297359903,11.09925800054061,0.8777813033608188,10000_nodes_20_edges
9,0.2641022059881967,0.2231703481346292,0.0926971864928825,0.06263671041176501,0.26083342135168724,0.005139161493441012,0.0973803152744641,0.008633790462862254,0.6345028194876645,0.022572720373243423,10000_nodes_scale_free
10,0.2083871244588927,0.11496011427164843,0.4246372881294134,0.05216153073885466,0.021815757275775817,0.182442939117784,0.28091884193465266,0.40187185409360515,0.3707271256356095,0.38175771300948347,100000_nodes_5_edges
11,0.8004995015110213,0.31455671558778514,0.3357346117141708,0.5528589185913318,0.052765528808624666,0.16400919870369912,0.2521204938018269,0.2575465745108254,3.70022288793919,0.2982461024475954,100000_nodes_10_edges
12,0.3867936585225327,0.21347658372431214,0.3193255833626861,0.0725735888857175,0.06370971252635985,0.20320169637277688,0.6160167268156299,0.30128633137015653,59.54317647934708,1.0172499271612345,100000_nodes_20_edges
13,0.059624452856487806,0.06880797036628132,0.6033424667354516,0.015177356520705619,0.0271750877139742,0.03612807722322769,0.27292730286447997,0.08544514280567456,1.1683958727360961,0.11001198341755798,100000_nodes_scale_free
14,0.9861679787474255,0.18229970059809736,1.5398563425935456,0.36373176002275,0.04553074021297789,0.22145641960382215,0.12303320381995489,1.2612498517483999,0.41686306370191967,1.9259450396046944,1000000_nodes_5_edges
15,0.2072865108645966,0.15491320370801007,1.713867841597295,0.11049939840581847,0.023877730898095775,0.036196269736532415,0.7059002960001866,0.13460489287210986,9.443308094124408,0.2895726859538074,1000000_nodes_scale_free
