,name,create,update_nodes,update_edges,delete,read_1,read_in_mem_1,read_2,read_in_mem_2,read_3,read_in_mem_3
0,PPI,,,,,,,,,,
1,1015074_nodes_SBC_edges,,,,,,,,,,
2,1000_nodes_5_edges,0.6752843856811523,,,0.06470704078674316,,,,,,
3,1000_nodes_10_edges,,,,,,,,,,
4,1000_nodes_20_edges,,,,,,,,,,
5,1000_nodes_scale_free,0.5536439418792725,,,0.05467391014099121,,,,,,
6,10000_nodes_5_edges,,,,,,,,,,
7,10000_nodes_10_edges,4.402835130691528,,,0.5570926666259766,,,,,,
8,10000_nodes_20_edges,7.1798787117004395,,,1.0472490787506104,,,,,,
9,10000_nodes_scale_free,2.428619623184204,,,0.22511696815490723,,,,,,
10,100000_nodes_5_edges,,,,,,,,,,
11,100000_nodes_10_edges,,,,,,,,,,
12,100000_nodes_20_edges,,,,,,,,,,
13,100000_nodes_scale_free,,,,,,,,,,
14,1000000_nodes_5_edges,,,,,,,,,,
15,1000000_nodes_scale_free,,,,,,,,,,
