,name,create,delete,read_1,read_2,read_3,update_edges,update_nodes
0,ppi,0.01156953175862626,0.0047389984130858905,4.361296844482422,15.052898406982422,29.044953727722167,18.721000798543294,0.6932868957519531
1,1015074_nodes_SBC,0.007838757832845007,0.004798889160156207,15.496849060058594,16.171529006958007,16.16897506713867,60.71543134053548,15.49688720703125
2,1000000_nodes_scale_free,0.0078353881835937,0.0047740936279296,15.266838073730469,1624.5348320007324,3345.0934829711914,30.786842346191406,15.266998291015621
3,1000000_nodes_5_edges,0.0078325271606445,0.004835891723632768,15.266838073730469,57.98771667480469,58.60878734588623,76.30199432373047,15.266864776611328
4,100000_nodes_scale_free,0.0078344345092773,0.004723103841145787,2.170762443542481,123.4874864578247,332.3872489929199,2.965492248535156,1.5339546203613281
5,100000_nodes_20_edges,0.0078325271606445,0.004761377970377547,5.837167167663575,24.156834920247395,53.991284926732384,30.52562713623047,1.5339920043945312
6,100000_nodes_10_edges,0.0078325271606445,0.004744593302408807,2.9536027908325195,11.862811470031739,14.59088627497355,15.266899236043294,1.5339599609375
7,100000_nodes_5_edges,0.0078315734863281,0.0047041575113931835,1.5339279174804688,5.910200119018555,6.291285705566406,7.637443542480469,1.5339530944824218
8,10000_nodes_scale_free,0.0078334808349609,0.004741923014322873,13.056888008117676,341.0430612564087,482.4839698791504,0.2815017700195312,0.1606717317000679
9,10000_nodes_20_edges,0.0078315734863281,0.004771614074706981,0.8667169570922851,3.153028869628906,288.5171251296997,3.0598068237304688,0.1606849670410156
10,10000_nodes_10_edges,0.0078315734863281,0.004741668701171831,0.46852855682373046,1.4260015487670898,11.338827514648438,1.5339279174804688,0.16066360473632807
11,10000_nodes_5_edges,0.0078306198120117,0.004722849527994747,0.26454486846923825,0.7642719268798828,1.0094228744506837,0.7709884643554688,0.160681406656901
12,1000_nodes_scale_free,0.007856178283691366,0.0047041575113931835,2.0312477111816407,5.918181037902832,6.5437005996704105,0.0585174560546875,0.04196726481119788
13,1000_nodes_20_edges,0.007856305440266899,0.00470695495605464,0.17818889617919917,1.9163429260253906,9.935710589090982,0.3132247924804687,0.042043940226236934
14,1000_nodes_10_edges,0.007852236429850232,0.00474154154459631,0.11590385437011715,0.612469482421875,5.0245672225952145,0.1606369018554687,0.04202426274617509
15,1000_nodes_5_edges,0.007852300008138,0.00474141438802079,0.08970069885253902,0.20541591644287105,0.8222620010375976,0.0843429565429687,0.04208698272705074
